{"cameraMode":{"drawMode":0,"name":"Shaded","section":"Shading Mode"},"sceneLighting":false,"audioPlay":false,"sceneViewState":{"m_AlwaysRefresh":false,"showFog":true,"showSkybox":false,"showFlares":true,"showImageEffects":true,"showParticleSystems":true,"showVisualEffectGraphs":true,"m_FxEnabled":true},"in2DMode":false,"pivot":{"x":-0.9683984518051148,"y":0.9484564065933228,"z":-4.189621925354004},"rotation":{"x":0.002167928498238325,"y":0.9943466782569885,"z":-0.1041865274310112,"w":0.020681846886873246},"size":0.7882755994796753,"orthographic":true}