{"cameraMode":{"drawMode":0,"name":"Shaded","section":"Shading Mode"},"sceneLighting":true,"audioPlay":false,"sceneViewState":{"m_AlwaysRefresh":false,"showFog":true,"showSkybox":true,"showFlares":true,"showImageEffects":true,"showParticleSystems":true,"showVisualEffectGraphs":true,"m_FxEnabled":true},"in2DMode":false,"pivot":{"x":-0.15638644993305207,"y":1.3893333673477173,"z":-5.5865478515625},"rotation":{"x":0.0812721997499466,"y":-0.029896680265665056,"z":0.002438525902107358,"w":0.9962489604949951},"size":2.063357353210449,"orthographic":false}